Hypothesis,Plan,Feasibility,Critique
"Embedding a Zn‑Car_MOF–templated, transiently formed quasi‑2D/3D perovskite surface termination functions as a chemically rigid, low‑ionic‑mobility ‘ionic‑sink cap’ that suppresses *Staebler–Wronski‑like* light‑induced metastability at the perovskite/transport‑layer interface during MPP operation. Mechanistically, this approach operates via two separable but synergistic pathways: (i) **defect-chemical stabilization**—Zn2+–carboxylate/imidazole coordination and grafted carnosine/carboxylate motifs convert under‑coordinated Pb2+ and halide‑vacancy‑adjacent sites into thermodynamically stable complexes, reducing the formation probability of light‑activated metastable defects analogous to SW bond switching; and (ii) **ionic‑kinetic suppression**—the templated quasi‑2D RP‑like termination (≤10–15 nm) increases the activation energy for halide migration and polaron‑assisted bond rearrangement at the surface, thereby decoupling reversible Voc losses from fast ionic redistribution. Crucially, by removing the MOF after templating, the method decouples chemical stabilization from electronic insulation, yielding higher stabilized Voc, reduced reversible light‑soaking losses, and slower MPP power decay. The hypothesis explicitly predicts that SW‑like defect creation will exhibit distinct intensity‑ and temperature‑scaling and recovery kinetics from ion‑migration‑dominated effects, enabling unambiguous experimental discrimination.","### Phase I – Factorial Chemical Decomposition and Surface Formation Attribution
**Objective:** Isolate which chemical components induce quasi‑2D surface formation versus which suppress metastable defect creation.

**I.1 Full factorial matrix (primary screen):**
- Variables (binary): MOF (Zn‑Car_MOF present/absent) × bulky ammonium halide (present/absent) × Zn2+ (salt present/absent) × carnosine (present/absent).
- Mandatory arms include: (a) MOF only (no ammonium), (b) ammonium only (no MOF), (c) Zn‑salt + ammonium, (d) carnosine + ammonium, (e) inert porous template + ammonium.
- Fixed perovskite: Cs0.05(FA0.83MA0.17)Pb(I0.8Br0.2)3 with 2–3% excess PbI2.

**I.2 Structural attribution:**
- GIWAXS (incident angle 0.2–0.3°) to identify RP‑like (n≤2) diffraction features confined to surface.
- Cross‑sectional STEM‑EELS to confirm thickness (<15 nm) and continuity.
- Decision gate: quasi‑2D formation must correlate uniquely with *ammonium presence*, while metastability suppression beyond standard RP caps must correlate with *MOF‑templated chemistry*.

---
### Phase II – Chemically Orthogonal MOF Lift‑Off with Mass Balance
**Objective:** De‑risk the highest‑impact failure mode (template removal).

**II.1 Lift‑off protocol:**
- Primary route: mechanical dislodgement + polarity‑orthogonal solvent wash (anhydrous anisole → dry chlorobenzene) exploiting weak MOF–perovskite adhesion post‑anneal.
- Secondary (only if needed): ultra‑dilute (≤1 mM) amino‑acid–based Zn chelator in nonpolar/alcohol‑free solvent; exposure <10 s.

**II.2 Validation and numeric thresholds:**
- ICP‑MS of rinse solutions for Zn mass balance (≥95% Zn removal relative to deposited amount).
- XPS depth profiling (Zn 2p, Pb 4f, I 3d, Br 3d): residual Zn <0.2 at.% in top 10 nm.
- AFM/ellipsometry: thickness change ≤1.5 nm post‑lift‑off.
- Electronic acceptance: no increase in Urbach energy (>2 meV), no new deep‑level signature in sub‑bandgap EQE/PDS, and ΔVoc ≤5 mV at matched QFLS compared to Zn‑free RP cap.

---
### Phase III – Discriminating Staebler–Wronski‑like Defect Creation vs Ion Migration
**Objective:** Establish causality, not correlation.

**III.1 Kinetic decision tree:**
- **Intensity scaling:** Measure reversible Voc loss ΔVoc_rev ∝ I^α. SW‑like defect creation predicts sub‑linear α<1 with saturation; ionic redistribution predicts near‑linear scaling.
- **Temperature scaling:** Extract activation energies (Ea) from stretched‑exponential fits to Voc(t) under light (25–65 °C). Ea ~0.1–0.3 eV → ionic; Ea ≥0.5 eV → bond‑switching/defect creation.
- **Recovery bias dependence:** Dark recovery at 0 V vs forward bias. Ionic effects recover bias‑dependently; SW‑like defect annealing is bias‑insensitive but thermally activated.

**III.2 Direct defect spectroscopy:**
- Operando sub‑bandgap EQE/PDS during light soaking to track mid‑gap state density evolution.
- Correlate defect density changes with Voc/QFLS decay and recovery.

---
### Phase IV – Direct Quantification of Ionic Mobility Suppression
**Objective:** Provide quantitative support beyond impedance heuristics.

**IV.1 Temperature‑dependent transient ionic current (TIC):**
- Extract ionic conductivity and Ea_ion using validated equivalent‑circuit models (separating electronic and ionic branches).

**IV.2 Tracer diffusion:**
- Bias‑assisted halide migration followed by TOF‑SIMS depth profiling; extract effective diffusion coefficients (D_eff) at interfaces.
- Success criterion: ≥3× reduction in D_eff relative to control and standard RP cap.

---
### Phase V – Device‑Level Validation under MPP and Outdoor‑Relevant Stress
- Absolute PLQY/QFLS → Voc reciprocity.
- Long‑term MPP tracking (ISOS‑L‑2+) with temperature/irradiance logging and energy‑yield modeling.
- Endpoints: stabilized Voc, reversible vs irreversible loss partitioning, T80, and Voc,stab distributions (≥25 devices/condition).","This refined plan directly addresses reviewer concerns by converting the proposal from a plausibility‑based narrative into a falsifiable, decision‑tree‑driven investigation. First, Staebler–Wronski‑like behavior is no longer inferred indirectly but discriminated using intensity/temperature scaling, activation energies, bias‑dependent recovery, and operando sub‑bandgap spectroscopy—approaches that can separate bond‑switching‑driven defect creation from ion redistribution. Second, the chemically orthogonal lift‑off protocol is explicitly de‑risked through mass balance (ICP‑MS), surface stoichiometry (XPS I/Pb/Br ratios), morphology (AFM/ellipsometry), and numeric residual‑Zn thresholds tied to electronic metrics (Urbach energy, deep‑level signatures, Voc at matched QFLS). Third, a full factorial chemical matrix ensures unambiguous attribution of quasi‑2D formation versus metastability suppression, preventing mechanism conflation. Finally, ionic immobilization is quantified via activation energies and tracer diffusion coefficients, not inferred solely from low‑frequency capacitance. The approach remains scalable (short post‑treatments compatible with blade coating), aligns with outdoor MPP degradation frameworks (Asset 2), and leverages coordination chemistry principles validated in Zn‑Car_MOF systems (Asset 1) while explicitly addressing SW‑type stability challenges known from thin‑film PVs (Asset 3).","The proposal is unusually strong in experimental structure (factorial attribution, quantitative lift-off thresholds, operando defect tracking, and tracer diffusion to avoid impedance-only claims). The main scientific weakness is that the “Staebler–Wronski-like” assignment is still somewhat inferential: the proposed kinetic discriminants (α intensity scaling, apparent Ea thresholds, bias-dependent recovery) are not uniquely identifying in halide perovskites because mixed ionic–electronic coupling, field-dependent ion drift, interfacial dipoles, and light-induced de-trapping can also produce sub-linear intensity response, stretched-exponential kinetics, and higher apparent activation energies. In addition, the lift-off strategy remains a high-risk integration point: mechanical dislodgement/solvent wash may alter the RP-like termination (or remove it), and XPS/ICP thresholds alone do not guarantee that residual Zn/carnosine coordination chemistry remains in the intended bound state rather than redistributed into the perovskite or transport layer. Finally, the causal linkage “MOF-templated chemistry → reduced metastable defect creation” would benefit from a more direct structural/chemical fingerprint of the proposed stabilized complexes (Pb–ligand coordination and halide-vacancy-adjacent binding) and a control demonstrating that identical quasi-2D thickness/orientation without MOF does not reproduce the effect."
"Embedding a conformal, electrically benign “gyroidal ionic-sulfoxide nanocomposite skin” (GISNS) inside only the top 20–50 nm of a 3D perovskite (rather than as a discrete interlayer) will raise Voc/FF and operational stability by (i) molecularly enriching sulfoxide passivants at electronically active sites (undercoordinated Pb, halide vacancies, grain-boundary terminations) through MOF-like polar nanoreservoir domains, (ii) creating curvature-amplified electrostatic interaction that suppresses halide-ion accumulation and field-driven ion migration, and (iii) providing a low-loss electromagnetic enhancement mechanism (EM) via sparsely distributed dielectric nanoresonators (not plasmonic metals) whose hotspots coincide with passivated active sites. The methodological adaptation is a new crystallization-route: instead of templated bicontinuous films or nanoparticle interlayers, we adapt antisolvent-induced phase separation during blade/slot-die coating to generate a self-limited, negative-Gaussian-curvature (gyroid-like) nanocomposite within the perovskite’s near-surface region. This “internal gyroid” geometry concentrates built-in fields at minimal recombination penalty (dielectric resonators) and maximizes the areal density of chemically passivated active sites without adding a transport barrier layer.","Step 1: Specific system setup or data preparation.
1.1 Baseline device stacks (scalable-compatible):
- n–i–p: glass/ITO/SnO2/FA0.83Cs0.17Pb(I0.85Br0.15)3/spiro-OMeTAD/Au.
- p–i–n (cross-check generality): glass/ITO/NiOx/FA0.83Cs0.17Pb(I0.85Br0.15)3/C60/BCP/Ag.
1.2 Define the GISNS components (all non-metallic, optoelectronically “quiet”):
- Polar nanoreservoir former: a Zr-carboxylate “MOF-fragment” oligomer (e.g., Zr6O4(OH)4(benzoate)x cluster capped with short carboxylates) or an Al-oxo carboxylate analogue; chosen to be non-porous at macroscale but to present dense Lewis-acid/Lewis-base sites at nanoscale.
- Sulfoxide: an aromatic sulfoxide with a carboxylate anchor (for co-assembly with the metal-oxo cluster) plus a free S=O for Pb coordination; keep total sulfoxide <0.5 mol% relative to Pb.
- Dielectric EM nanoresonator: 10–30 nm TiO2 or ZrO2 nanodots (wide bandgap, low absorption in visible) surface-functionalized with carboxylates to co-localize in the polar domains.
1.3 Controls to deconvolute mechanisms:
- No nanocomposite.
- Sulfoxide only (no metal-oxo cluster).
- Metal-oxo cluster only (no sulfoxide).
- Nanocomposite without dielectric nanodots (no EM).
- Nanocomposite with inert SiO2 dots (geometry control without resonance).

Step 2: Detailed implementation of the adapted methodology.
2.1 Methodological adaptation: antisolvent-triggered “internal gyroid” formation (negative Gaussian curvature) during perovskite crystallization.
- Formulate a perovskite ink (DMF:DMSO) and a separate nanocomposite precursor microemulsion containing: (i) metal-oxo cluster + carboxylate-sulfoxide ligand, (ii) TiO2/ZrO2 nanodots, (iii) a volatile co-solvent that partitions into the antisolvent (e.g., tert-butanol or anisole at low fraction).
- Co-inject the nanocomposite precursor at trace volume (0.5–2 vol%) into the perovskite ink immediately before coating.
- During blade/slot-die coating, apply a programmed antisolvent mist pulse (not a drip) to create a controlled solvent-extraction gradient. The key adaptation is to tune the local quench rate so that: (a) the perovskite rapidly crystallizes, while (b) the polar cluster–sulfoxide fraction undergoes spinodal-like phase separation confined to the last-to-dry region (top 20–50 nm). This confinement yields a bicontinuous gyroid-like morphology with negative Gaussian curvature rather than isolated droplets.
- Anneal with a two-step profile: low-T hold (to lock the gyroidal nanocomposite before full halide lattice relaxation) followed by standard high-T anneal.
2.2 Molecular enrichment at active sites via “chemically hungry” polar domains.
- The metal-oxo clusters and anchored sulfoxides are designed to have high affinity for undercoordinated Pb and halide-vacancy-rich terminations. As crystallization proceeds, these species are expelled from the perovskite bulk and accumulate at grain boundaries and the film surface, where the density of active sites is highest.
- The gyroidal geometry maximizes interfacial area between perovskite and polar domain, increasing the probability that each defect site is within a few nm of a sulfoxide.
2.3 Electrostatic interaction engineering (ion-migration suppression without blocking electronic extraction).
- Choose cluster capping ligands to set the local fixed charge (e.g., incorporate a small fraction of sulfonate-terminated carboxylates to create a net negative fixed-charge density in the polar domain).
- Mechanistic target: repel I−/Br− accumulation under forward bias at the contact-facing surface, flatten interfacial ionic space-charge layers, reduce hysteresis, and suppress vacancy generation.
- Ensure electronic neutrality: keep the nanocomposite fraction below the percolation threshold; confirm that the perovskite remains the continuous electronic phase.
2.4 Electromagnetic enhancement mechanism (EM) without plasmonic loss.
- Embed sparse dielectric nanodots inside the gyroidal domains so resonant near-fields overlap the perovskite within ~10–30 nm of the surface.
- Expected outcome: localized optical intensity increase near the collection interface and improved charge separation at already-passivated active sites (minimizing the risk that increased generation feeds non-radiative recombination).

Step 3: Rigorous validation and analytical framework.
3.1 Prove negative Gaussian curvature and confinement (structure).
- Cross-sectional STEM tomography or FIB-SEM tomography to reconstruct 3D bicontinuity and estimate curvature distribution; quantify that the nanocomposite is confined to top 20–50 nm.
- GISAXS to identify gyroid-like scattering signatures vs droplet-like phase separation.
- Nano-IR / AFM-IR mapping to localize S=O and carboxylate signals to the gyroid network.
3.2 Prove molecular enrichment and chemical bonding at active sites (chemistry).
- Angle-resolved XPS: depth-dependent S 2p / O 1s signals; Pb 4f shifts consistent with Pb–O(S=O) coordination.
- Solid-state NMR (where feasible) or ToF-SIMS to map sulfoxide fragments vs grain-boundary enriched regions.
- Trap spectroscopy: thermal admittance spectroscopy and SCLC (electron-only and hole-only devices) to quantify trap density reduction.
3.3 Prove electrostatic interaction effects on ionic behavior (ion migration).
- Operando impedance spectroscopy under bias/light to extract ionic capacitance and relaxation times; compare with controls.
- Bias-stress ToF-SIMS depth profiling (I−/Br− redistribution) and hysteresis index vs scan rate.
- Kelvin probe force microscopy under illumination to map stabilized surface potential patterns; correlate with nanocomposite topography.
3.4 Prove EM contribution distinctly from passivation (optics).
- Variable-angle spectroscopic ellipsometry + integrating sphere reflectance to ensure no parasitic absorption.
- EQE enhancement localized to wavelengths predicted by Mie/FDTD for TiO2/ZrO2 nanodots; compare to inert SiO2-dot control.
- Intensity-dependent PL/EL: verify that radiative efficiency improves (passivation) while additional wavelength-selective photocurrent gain appears only with resonant dots (EM).
3.5 Device metrics and stability targets.
- Targets: +50–100 mV Voc, +2–4% absolute FF, stabilized PCE gain ≥1.0% absolute over baseline.
- ISOS-L-2 MPP tracking: T80 ≥2× baseline; thermal (65–85°C) and damp-heat screening.
- Failure analysis: post-aging tomography + XPS to verify retention of nanocomposite confinement and chemical states.","1. Theoretical/Empirical Basis: (i) Sulfoxides are strong Lewis bases toward undercoordinated Pb2+, enabling defect passivation; (ii) fixed-charge/polar interphases are known to reshape ionic space-charge layers and reduce ion migration; (iii) dielectric nanoresonators can provide near-field intensity enhancement with far lower optical loss than plasmonic metals; (iv) bicontinuous negative-curvature morphologies are accessible via phase-separation physics under controlled solvent-extraction gradients, enabling high interfacial area without introducing a separate barrier layer.
2. Transfer Logic (How the adaptation fits the domain): The dominant PSC bottlenecks—interfacial recombination and ion migration—are addressed exactly where they originate: near-surface/grain-boundary active sites. By embedding (not layering) a self-limited gyroidal nanocomposite skin, we preserve standard contacts and scalable coating while adding a high-area passivating/electrostatic landscape and optional EM gain near the collection interface.
3. Comparative Advantage: Compared with interlayers, the GISNS avoids transport barriers and processing incompatibilities at the ETL/perovskite interface. Compared with random nanoparticle doping, the phase-separated gyroid confines additives to the region of highest defect density and highest collection probability, improving reproducibility and minimizing bulk mobility penalties. Compared with plasmonic EM strategies, dielectric resonators avoid parasitic absorption and metal diffusion, enabling a stability-positive EM approach.","This is an unusually sophisticated and well-articulated proposal that demonstrates deep command of perovskite defect physics, ion migration, and nanophotonic enhancement strategies. The strongest aspects are (i) the confinement logic—placing functionality precisely in the top 20–50 nm where ionic and recombination phenomena dominate—and (ii) the rigorous control set designed to disentangle chemical passivation, electrostatics, and EM effects. The antisolvent-mist–driven internal phase separation is credible and differentiates the work from prior gyroidal or nanoparticle-doped approaches. Score deductions are primarily due to execution risk rather than conceptual weakness: achieving true negative Gaussian curvature (gyroid vs. perforated lamellae or worm-like domains) under scalable coating conditions is nontrivial, and the proposal slightly overstates the certainty that dielectric nanoresonator near-fields will spatially coincide with the most electronically relevant defect sites. Additionally, the electromagnetic contribution, while thoughtfully controlled, is likely to be second-order relative to chemical/electrostatic effects and may be difficult to unambiguously quantify at the proposed nanodot densities."
